Season,Lg,Team (Asterisk Indicates Playoff Team),W,L,W/L%, Payroll ,
1985-86,NBA,Atlanta Hawks*,50,32,0.61," $3,671,250.00 ",
1985-86,NBA,Boston Celtics*,67,15,0.817," $6,560,000.00 ",
1985-86,NBA,Chicago Bulls*,30,52,0.366," $4,486,000.00 ",
1985-86,NBA,Cleveland Cavaliers,29,53,0.354," $3,920,666.00 ",
1985-86,NBA,Dallas Mavericks*,44,38,0.537," $4,052,346.00 ",
1985-86,NBA,Denver Nuggets*,47,35,0.573," $3,425,500.00 ",
1985-86,NBA,Detroit Pistons*,46,36,0.561," $4,603,666.00 ",
1985-86,NBA,Golden State Warriors,30,52,0.366," $4,365,833.00 ",
1985-86,NBA,Houston Rockets*,51,31,0.622," $4,259,000.00 ",
1985-86,NBA,Indiana Pacers,26,56,0.317," $3,758,200.00 ",
1985-86,NBA,Los Angeles Clippers,32,50,0.39," $4,745,000.00 ",
1985-86,NBA,Los Angeles Lakers*,62,20,0.756," $8,579,750.00 ",
1985-86,NBA,Milwaukee Bucks*,57,25,0.695," $3,661,332.00 ",
1985-86,NBA,New Jersey Nets*,39,43,0.476," $6,840,500.00 ",
1985-86,NBA,New York Knicks,23,59,0.28," $6,961,500.00 ",
1985-86,NBA,Philadelphia 76ers*,54,28,0.659," $6,825,500.00 ",
1985-86,NBA,Phoenix Suns,32,50,0.39," $4,189,500.00 ",
1985-86,NBA,Portland Trail Blazers*,40,42,0.488," $3,831,000.00 ",
1985-86,NBA,Sacramento Kings*,37,45,0.451," $4,052,000.00 ",
1985-86,NBA,San Antonio Spurs*,35,47,0.427," $4,052,846.00 ",
1985-86,NBA,Seattle SuperSonics,31,51,0.378," $5,683,333.00 ",
1985-86,NBA,Utah Jazz*,42,40,0.512," $2,914,500.00 ",
1985-86,NBA,Washington Bullets*,39,43,0.476," $4,381,383.00 ",
1986-87,NBA,Atlanta Hawks*,57,25,0.695,,
1986-87,NBA,Boston Celtics*,59,23,0.72,,
1986-87,NBA,Chicago Bulls*,40,42,0.488,,
1986-87,NBA,Cleveland Cavaliers,31,51,0.378,,
1986-87,NBA,Dallas Mavericks*,55,27,0.671,,
1986-87,NBA,Denver Nuggets*,37,45,0.451,,
1986-87,NBA,Detroit Pistons*,52,30,0.634,,
1986-87,NBA,Golden State Warriors*,42,40,0.512,,
1986-87,NBA,Houston Rockets*,42,40,0.512,,
1986-87,NBA,Indiana Pacers*,41,41,0.5,,
1986-87,NBA,Los Angeles Clippers,12,70,0.146,,
1986-87,NBA,Los Angeles Lakers*,65,17,0.793,,
1986-87,NBA,Milwaukee Bucks*,50,32,0.61,,
1986-87,NBA,New Jersey Nets,24,58,0.293,,
1986-87,NBA,New York Knicks,24,58,0.293,,
1986-87,NBA,Philadelphia 76ers*,45,37,0.549,,
1986-87,NBA,Phoenix Suns,36,46,0.439,,
1986-87,NBA,Portland Trail Blazers*,49,33,0.598,,
1986-87,NBA,Sacramento Kings,29,53,0.354,,
1986-87,NBA,San Antonio Spurs,28,54,0.341,,
1986-87,NBA,Seattle SuperSonics*,39,43,0.476,,
1986-87,NBA,Utah Jazz*,44,38,0.537,,
1986-87,NBA,Washington Bullets*,42,40,0.512,,
1987-88,NBA,Atlanta Hawks*,50,32,0.61,,
1987-88,NBA,Boston Celtics*,57,25,0.695,,
1987-88,NBA,Chicago Bulls*,50,32,0.61,,
1987-88,NBA,Cleveland Cavaliers*,42,40,0.512,,
1987-88,NBA,Dallas Mavericks*,53,29,0.646,,
1987-88,NBA,Denver Nuggets*,54,28,0.659,,
1987-88,NBA,Detroit Pistons*,54,28,0.659,,
1987-88,NBA,Golden State Warriors,20,62,0.244,,
1987-88,NBA,Houston Rockets*,46,36,0.561,,
1987-88,NBA,Indiana Pacers,38,44,0.463,,
1987-88,NBA,Los Angeles Clippers,17,65,0.207,,
1987-88,NBA,Los Angeles Lakers*,62,20,0.756,,
1987-88,NBA,Milwaukee Bucks*,42,40,0.512,,
1987-88,NBA,New Jersey Nets,19,63,0.232,,
1987-88,NBA,New York Knicks*,38,44,0.463,,
1987-88,NBA,Philadelphia 76ers,36,46,0.439,,
1987-88,NBA,Phoenix Suns,28,54,0.341,,
1987-88,NBA,Portland Trail Blazers*,53,29,0.646,,
1987-88,NBA,Sacramento Kings,24,58,0.293,,
1987-88,NBA,San Antonio Spurs*,31,51,0.378,,
1987-88,NBA,Seattle SuperSonics*,44,38,0.537,,
1987-88,NBA,Utah Jazz*,47,35,0.573,,
1987-88,NBA,Washington Bullets*,38,44,0.463,,
1988-89,NBA,Atlanta Hawks*,52,30,0.634,,
1988-89,NBA,Boston Celtics*,42,40,0.512,,
1988-89,NBA,Charlotte Hornets,20,62,0.244,,
1988-89,NBA,Chicago Bulls*,47,35,0.573,,
1988-89,NBA,Cleveland Cavaliers*,57,25,0.695,,
1988-89,NBA,Dallas Mavericks,38,44,0.463,,
1988-89,NBA,Denver Nuggets*,44,38,0.537,,
1988-89,NBA,Detroit Pistons*,63,19,0.768,,
1988-89,NBA,Golden State Warriors*,43,39,0.524,,
1988-89,NBA,Houston Rockets*,45,37,0.549,,
1988-89,NBA,Indiana Pacers,28,54,0.341,,
1988-89,NBA,Los Angeles Clippers,21,61,0.256,,
1988-89,NBA,Los Angeles Lakers*,57,25,0.695,,
1988-89,NBA,Miami Heat,15,67,0.183,,
1988-89,NBA,Milwaukee Bucks*,49,33,0.598,,
1988-89,NBA,New Jersey Nets,26,56,0.317,,
1988-89,NBA,New York Knicks*,52,30,0.634,,
1988-89,NBA,Philadelphia 76ers*,46,36,0.561,,
1988-89,NBA,Phoenix Suns*,55,27,0.671,,
1988-89,NBA,Portland Trail Blazers*,39,43,0.476,,
1988-89,NBA,Sacramento Kings,27,55,0.329,,
1988-89,NBA,San Antonio Spurs,21,61,0.256,,
1988-89,NBA,Seattle SuperSonics*,47,35,0.573,,
1988-89,NBA,Utah Jazz*,51,31,0.622,,
1988-89,NBA,Washington Bullets,40,42,0.488,,
1989-90,NBA,Atlanta Hawks,41,41,0.5,,
1989-90,NBA,Boston Celtics*,52,30,0.634,,
1989-90,NBA,Charlotte Hornets,19,63,0.232,,
1989-90,NBA,Chicago Bulls*,55,27,0.671,,
1989-90,NBA,Cleveland Cavaliers*,42,40,0.512,,
1989-90,NBA,Dallas Mavericks*,47,35,0.573,,
1989-90,NBA,Denver Nuggets*,43,39,0.524,,
1989-90,NBA,Detroit Pistons*,59,23,0.72,,
1989-90,NBA,Golden State Warriors,37,45,0.451,,
1989-90,NBA,Houston Rockets*,41,41,0.5,,
1989-90,NBA,Indiana Pacers*,42,40,0.512,,
1989-90,NBA,Los Angeles Clippers,30,52,0.366,,
1989-90,NBA,Los Angeles Lakers*,63,19,0.768,,
1989-90,NBA,Miami Heat,18,64,0.22,,
1989-90,NBA,Milwaukee Bucks*,44,38,0.537,,
1989-90,NBA,Minnesota Timberwolves,22,60,0.268,,
1989-90,NBA,New Jersey Nets,17,65,0.207,,
1989-90,NBA,New York Knicks*,45,37,0.549,,
1989-90,NBA,Orlando Magic,18,64,0.22,,
1989-90,NBA,Philadelphia 76ers*,53,29,0.646,,
1989-90,NBA,Phoenix Suns*,54,28,0.659,,
1989-90,NBA,Portland Trail Blazers*,59,23,0.72,,
1989-90,NBA,Sacramento Kings,23,59,0.28,,
1989-90,NBA,San Antonio Spurs*,56,26,0.683,,
1989-90,NBA,Seattle SuperSonics,41,41,0.5,,
1989-90,NBA,Utah Jazz*,55,27,0.671,,
1989-90,NBA,Washington Bullets,31,51,0.378,,
1990-91,NBA,Atlanta Hawks*,43,39,0.524,,
1990-91,NBA,Boston Celtics*,56,26,0.683,,
1990-91,NBA,Charlotte Hornets,26,56,0.317,,
1990-91,NBA,Chicago Bulls*,61,21,0.744,,
1990-91,NBA,Cleveland Cavaliers,33,49,0.402,,
1990-91,NBA,Dallas Mavericks,28,54,0.341,,
1990-91,NBA,Denver Nuggets,20,62,0.244,,
1990-91,NBA,Detroit Pistons*,50,32,0.61,,
1990-91,NBA,Golden State Warriors*,44,38,0.537,,
1990-91,NBA,Houston Rockets*,52,30,0.634,,
1990-91,NBA,Indiana Pacers*,41,41,0.5,,
1990-91,NBA,Los Angeles Clippers,31,51,0.378,,
1990-91,NBA,Los Angeles Lakers*,58,24,0.707,,
1990-91,NBA,Miami Heat,24,58,0.293,,
1990-91,NBA,Milwaukee Bucks*,48,34,0.585,,
1990-91,NBA,Minnesota Timberwolves,29,53,0.354,,
1990-91,NBA,New Jersey Nets,26,56,0.317,,
1990-91,NBA,New York Knicks*,39,43,0.476,,
1990-91,NBA,Orlando Magic,31,51,0.378,,
1990-91,NBA,Philadelphia 76ers*,44,38,0.537,,
1990-91,NBA,Phoenix Suns*,55,27,0.671,,
1990-91,NBA,Portland Trail Blazers*,63,19,0.768,,
1990-91,NBA,Sacramento Kings,25,57,0.305,,
1990-91,NBA,San Antonio Spurs*,55,27,0.671,,
1990-91,NBA,Seattle SuperSonics*,41,41,0.5,,
1990-91,NBA,Utah Jazz*,54,28,0.659,,
1990-91,NBA,Washington Bullets,30,52,0.366,,
1991-92,NBA,Atlanta Hawks,38,44,0.463,,
1991-92,NBA,Boston Celtics*,51,31,0.622,,
1991-92,NBA,Charlotte Hornets,31,51,0.378,,
1991-92,NBA,Chicago Bulls*,67,15,0.817,,
1991-92,NBA,Cleveland Cavaliers*,57,25,0.695,,
1991-92,NBA,Dallas Mavericks,22,60,0.268,,
1991-92,NBA,Denver Nuggets,24,58,0.293,,
1991-92,NBA,Detroit Pistons*,48,34,0.585,,
1991-92,NBA,Golden State Warriors*,55,27,0.671,,
1991-92,NBA,Houston Rockets,42,40,0.512,,
1991-92,NBA,Indiana Pacers*,40,42,0.488,,
1991-92,NBA,Los Angeles Clippers*,45,37,0.549,,
1991-92,NBA,Los Angeles Lakers*,43,39,0.524,,
1991-92,NBA,Miami Heat*,38,44,0.463,,
1991-92,NBA,Milwaukee Bucks,31,51,0.378,,
1991-92,NBA,Minnesota Timberwolves,15,67,0.183,,
1991-92,NBA,New Jersey Nets*,40,42,0.488,,
1991-92,NBA,New York Knicks*,51,31,0.622,,
1991-92,NBA,Orlando Magic,21,61,0.256,,
1991-92,NBA,Philadelphia 76ers,35,47,0.427,,
1991-92,NBA,Phoenix Suns*,53,29,0.646,,
1991-92,NBA,Portland Trail Blazers*,57,25,0.695,,
1991-92,NBA,Sacramento Kings,29,53,0.354,,
1991-92,NBA,San Antonio Spurs*,47,35,0.573,,
1991-92,NBA,Seattle SuperSonics*,47,35,0.573,,
1991-92,NBA,Utah Jazz*,55,27,0.671,,
1991-92,NBA,Washington Bullets,25,57,0.305,,
1992-93,NBA,Atlanta Hawks*,43,39,0.524,,
1992-93,NBA,Boston Celtics*,48,34,0.585,,
1992-93,NBA,Charlotte Hornets*,44,38,0.537,,
1992-93,NBA,Chicago Bulls*,57,25,0.695,,
1992-93,NBA,Cleveland Cavaliers*,54,28,0.659,,
1992-93,NBA,Dallas Mavericks,11,71,0.134,,
1992-93,NBA,Denver Nuggets,36,46,0.439,,
1992-93,NBA,Detroit Pistons,40,42,0.488,,
1992-93,NBA,Golden State Warriors,34,48,0.415,,
1992-93,NBA,Houston Rockets*,55,27,0.671,,
1992-93,NBA,Indiana Pacers*,41,41,0.5,,
1992-93,NBA,Los Angeles Clippers*,41,41,0.5,,
1992-93,NBA,Los Angeles Lakers*,39,43,0.476,,
1992-93,NBA,Miami Heat,36,46,0.439,,
1992-93,NBA,Milwaukee Bucks,28,54,0.341,,
1992-93,NBA,Minnesota Timberwolves,19,63,0.232,,
1992-93,NBA,New Jersey Nets*,43,39,0.524,,
1992-93,NBA,New York Knicks*,60,22,0.732,,
1992-93,NBA,Orlando Magic,41,41,0.5,,
1992-93,NBA,Philadelphia 76ers,26,56,0.317,,
1992-93,NBA,Phoenix Suns*,62,20,0.756,,
1992-93,NBA,Portland Trail Blazers*,51,31,0.622,,
1992-93,NBA,Sacramento Kings,25,57,0.305,,
1992-93,NBA,San Antonio Spurs*,49,33,0.598,,
1992-93,NBA,Seattle SuperSonics*,55,27,0.671,,
1992-93,NBA,Utah Jazz*,47,35,0.573,,
1992-93,NBA,Washington Bullets,22,60,0.268,,
1993-94,NBA,Atlanta Hawks*,57,25,0.695,,
1993-94,NBA,Boston Celtics,32,50,0.39,,
1993-94,NBA,Charlotte Hornets,41,41,0.5,,
1993-94,NBA,Chicago Bulls*,55,27,0.671,,
1993-94,NBA,Cleveland Cavaliers*,47,35,0.573,,
1993-94,NBA,Dallas Mavericks,13,69,0.159,,
1993-94,NBA,Denver Nuggets*,42,40,0.512,,
1993-94,NBA,Detroit Pistons,20,62,0.244,,
1993-94,NBA,Golden State Warriors*,50,32,0.61,,
1993-94,NBA,Houston Rockets*,58,24,0.707,,
1993-94,NBA,Indiana Pacers*,47,35,0.573,,
1993-94,NBA,Los Angeles Clippers,27,55,0.329,,
1993-94,NBA,Los Angeles Lakers,33,49,0.402,,
1993-94,NBA,Miami Heat*,42,40,0.512,,
1993-94,NBA,Milwaukee Bucks,20,62,0.244,,
1993-94,NBA,Minnesota Timberwolves,20,62,0.244,,
1993-94,NBA,New Jersey Nets*,45,37,0.549,,
1993-94,NBA,New York Knicks*,57,25,0.695,,
1993-94,NBA,Orlando Magic*,50,32,0.61,,
1993-94,NBA,Philadelphia 76ers,25,57,0.305,,
1993-94,NBA,Phoenix Suns*,56,26,0.683,,
1993-94,NBA,Portland Trail Blazers*,47,35,0.573,,
1993-94,NBA,Sacramento Kings,28,54,0.341,,
1993-94,NBA,San Antonio Spurs*,55,27,0.671,,
1993-94,NBA,Seattle SuperSonics*,63,19,0.768,,
1993-94,NBA,Utah Jazz*,53,29,0.646,,
1993-94,NBA,Washington Bullets,24,58,0.293,,
1994-95,NBA,Atlanta Hawks*,42,40,0.512,,
1994-95,NBA,Boston Celtics*,35,47,0.427,,
1994-95,NBA,Charlotte Hornets*,50,32,0.61,,
1994-95,NBA,Chicago Bulls*,47,35,0.573,,
1994-95,NBA,Cleveland Cavaliers*,43,39,0.524,,
1994-95,NBA,Dallas Mavericks,36,46,0.439,,
1994-95,NBA,Denver Nuggets*,41,41,0.5,,
1994-95,NBA,Detroit Pistons,28,54,0.341,,
1994-95,NBA,Golden State Warriors,26,56,0.317,,
1994-95,NBA,Houston Rockets*,47,35,0.573,,
1994-95,NBA,Indiana Pacers*,52,30,0.634,,
1994-95,NBA,Los Angeles Clippers,17,65,0.207,,
1994-95,NBA,Los Angeles Lakers*,48,34,0.585,,
1994-95,NBA,Miami Heat,32,50,0.39,,
1994-95,NBA,Milwaukee Bucks,34,48,0.415,,
1994-95,NBA,Minnesota Timberwolves,21,61,0.256,,
1994-95,NBA,New Jersey Nets,30,52,0.366,,
1994-95,NBA,New York Knicks*,55,27,0.671,,
1994-95,NBA,Orlando Magic*,57,25,0.695,,
1994-95,NBA,Philadelphia 76ers,24,58,0.293,,
1994-95,NBA,Phoenix Suns*,59,23,0.72,,
1994-95,NBA,Portland Trail Blazers*,44,38,0.537,,
1994-95,NBA,Sacramento Kings,39,43,0.476,,
1994-95,NBA,San Antonio Spurs*,62,20,0.756,,
1994-95,NBA,Seattle SuperSonics*,57,25,0.695,,
1994-95,NBA,Utah Jazz*,60,22,0.732,,
1994-95,NBA,Washington Bullets,21,61,0.256,,
1995-96,NBA,Atlanta Hawks*,46,36,0.561,,
1995-96,NBA,Boston Celtics,33,49,0.402,,
1995-96,NBA,Charlotte Hornets,41,41,0.5,,
1995-96,NBA,Chicago Bulls*,72,10,0.878,,
1995-96,NBA,Cleveland Cavaliers*,47,35,0.573,,
1995-96,NBA,Dallas Mavericks,26,56,0.317,,
1995-96,NBA,Denver Nuggets,35,47,0.427,,
1995-96,NBA,Detroit Pistons*,46,36,0.561,,
1995-96,NBA,Golden State Warriors,36,46,0.439,,
1995-96,NBA,Houston Rockets*,48,34,0.585,,
1995-96,NBA,Indiana Pacers*,52,30,0.634,,
1995-96,NBA,Los Angeles Clippers,29,53,0.354,,
1995-96,NBA,Los Angeles Lakers*,53,29,0.646,,
1995-96,NBA,Miami Heat*,42,40,0.512,,
1995-96,NBA,Milwaukee Bucks,25,57,0.305,,
1995-96,NBA,Minnesota Timberwolves,26,56,0.317,,
1995-96,NBA,New Jersey Nets,30,52,0.366,,
1995-96,NBA,New York Knicks*,47,35,0.573,,
1995-96,NBA,Orlando Magic*,60,22,0.732,,
1995-96,NBA,Philadelphia 76ers,18,64,0.22,,
1995-96,NBA,Phoenix Suns*,41,41,0.5,,
1995-96,NBA,Portland Trail Blazers*,44,38,0.537,,
1995-96,NBA,Sacramento Kings*,39,43,0.476,,
1995-96,NBA,San Antonio Spurs*,59,23,0.72,,
1995-96,NBA,Seattle SuperSonics*,64,18,0.78,,
1995-96,NBA,Toronto Raptors,21,61,0.256,,
1995-96,NBA,Utah Jazz*,55,27,0.671,,
1995-96,NBA,Vancouver Grizzlies,15,67,0.183,,
1995-96,NBA,Washington Bullets,39,43,0.476,,
1996-97,NBA,Atlanta Hawks*,56,26,0.683,,
1996-97,NBA,Boston Celtics,15,67,0.183,,
1996-97,NBA,Charlotte Hornets*,54,28,0.659,,
1996-97,NBA,Chicago Bulls*,69,13,0.841,,
1996-97,NBA,Cleveland Cavaliers,42,40,0.512,,
1996-97,NBA,Dallas Mavericks,24,58,0.293,,
1996-97,NBA,Denver Nuggets,21,61,0.256,,
1996-97,NBA,Detroit Pistons*,54,28,0.659,,
1996-97,NBA,Golden State Warriors,30,52,0.366,,
1996-97,NBA,Houston Rockets*,57,25,0.695,,
1996-97,NBA,Indiana Pacers,39,43,0.476,,
1996-97,NBA,Los Angeles Clippers*,36,46,0.439,,
1996-97,NBA,Los Angeles Lakers*,56,26,0.683,,
1996-97,NBA,Miami Heat*,61,21,0.744,,
1996-97,NBA,Milwaukee Bucks,33,49,0.402,,
1996-97,NBA,Minnesota Timberwolves*,40,42,0.488,,
1996-97,NBA,New Jersey Nets,26,56,0.317,,
1996-97,NBA,New York Knicks*,57,25,0.695,,
1996-97,NBA,Orlando Magic*,45,37,0.549,,
1996-97,NBA,Philadelphia 76ers,22,60,0.268,,
1996-97,NBA,Phoenix Suns*,40,42,0.488,,
1996-97,NBA,Portland Trail Blazers*,49,33,0.598,,
1996-97,NBA,Sacramento Kings,34,48,0.415,,
1996-97,NBA,San Antonio Spurs,20,62,0.244,,
1996-97,NBA,Seattle SuperSonics*,57,25,0.695,,
1996-97,NBA,Toronto Raptors,30,52,0.366,,
1996-97,NBA,Utah Jazz*,64,18,0.78,,
1996-97,NBA,Vancouver Grizzlies,14,68,0.171,,
1996-97,NBA,Washington Bullets*,44,38,0.537,,
1997-98,NBA,Atlanta Hawks*,50,32,0.61,,
1997-98,NBA,Boston Celtics,36,46,0.439,,
1997-98,NBA,Charlotte Hornets*,51,31,0.622,,
1997-98,NBA,Chicago Bulls*,62,20,0.756,,
1997-98,NBA,Cleveland Cavaliers*,47,35,0.573,,
1997-98,NBA,Dallas Mavericks,20,62,0.244,,
1997-98,NBA,Denver Nuggets,11,71,0.134,,
1997-98,NBA,Detroit Pistons,37,45,0.451,,
1997-98,NBA,Golden State Warriors,19,63,0.232,,
1997-98,NBA,Houston Rockets*,41,41,0.5,,
1997-98,NBA,Indiana Pacers*,58,24,0.707,,
1997-98,NBA,Los Angeles Clippers,17,65,0.207,,
1997-98,NBA,Los Angeles Lakers*,61,21,0.744,,
1997-98,NBA,Miami Heat*,55,27,0.671,,
1997-98,NBA,Milwaukee Bucks,36,46,0.439,,
1997-98,NBA,Minnesota Timberwolves*,45,37,0.549,,
1997-98,NBA,New Jersey Nets*,43,39,0.524,,
1997-98,NBA,New York Knicks*,43,39,0.524,,
1997-98,NBA,Orlando Magic,41,41,0.5,,
1997-98,NBA,Philadelphia 76ers,31,51,0.378,,
1997-98,NBA,Phoenix Suns*,56,26,0.683,,
1997-98,NBA,Portland Trail Blazers*,46,36,0.561,,
1997-98,NBA,Sacramento Kings,27,55,0.329,,
1997-98,NBA,San Antonio Spurs*,56,26,0.683,,
1997-98,NBA,Seattle SuperSonics*,61,21,0.744,,
1997-98,NBA,Toronto Raptors,16,66,0.195,,
1997-98,NBA,Utah Jazz*,62,20,0.756,,
1997-98,NBA,Vancouver Grizzlies,19,63,0.232,,
1997-98,NBA,Washington Wizards,42,40,0.512,,
1998-99,NBA,Atlanta Hawks*,31,19,0.62,,
1998-99,NBA,Boston Celtics,19,31,0.38,,
1998-99,NBA,Charlotte Hornets,26,24,0.52,,
1998-99,NBA,Chicago Bulls,13,37,0.26,,
1998-99,NBA,Cleveland Cavaliers,22,28,0.44,,
1998-99,NBA,Dallas Mavericks,19,31,0.38,,
1998-99,NBA,Denver Nuggets,14,36,0.28,,
1998-99,NBA,Detroit Pistons*,29,21,0.58,,
1998-99,NBA,Golden State Warriors,21,29,0.42,,
1998-99,NBA,Houston Rockets*,31,19,0.62,,
1998-99,NBA,Indiana Pacers*,33,17,0.66,,
1998-99,NBA,Los Angeles Clippers,9,41,0.18,,
1998-99,NBA,Los Angeles Lakers*,31,19,0.62,,
1998-99,NBA,Miami Heat*,33,17,0.66,,
1998-99,NBA,Milwaukee Bucks*,28,22,0.56,,
1998-99,NBA,Minnesota Timberwolves*,25,25,0.5,,
1998-99,NBA,New Jersey Nets,16,34,0.32,,
1998-99,NBA,New York Knicks*,27,23,0.54,,
1998-99,NBA,Orlando Magic*,33,17,0.66,,
1998-99,NBA,Philadelphia 76ers*,28,22,0.56,,
1998-99,NBA,Phoenix Suns*,27,23,0.54,,
1998-99,NBA,Portland Trail Blazers*,35,15,0.7,,
1998-99,NBA,Sacramento Kings*,27,23,0.54,,
1998-99,NBA,San Antonio Spurs*,37,13,0.74,,
1998-99,NBA,Seattle SuperSonics,25,25,0.5,,
1998-99,NBA,Toronto Raptors,23,27,0.46,,
1998-99,NBA,Utah Jazz*,37,13,0.74,,
1998-99,NBA,Vancouver Grizzlies,8,42,0.16,,
1998-99,NBA,Washington Wizards,18,32,0.36,,
1999-00,NBA,Atlanta Hawks,28,54,0.341,,
1999-00,NBA,Boston Celtics,35,47,0.427,,
1999-00,NBA,Charlotte Hornets*,49,33,0.598,,
1999-00,NBA,Chicago Bulls,17,65,0.207,,
1999-00,NBA,Cleveland Cavaliers,32,50,0.39,,
1999-00,NBA,Dallas Mavericks,40,42,0.488,,
1999-00,NBA,Denver Nuggets,35,47,0.427,,
1999-00,NBA,Detroit Pistons*,42,40,0.512,,
1999-00,NBA,Golden State Warriors,19,63,0.232,,
1999-00,NBA,Houston Rockets,34,48,0.415,,
1999-00,NBA,Indiana Pacers*,56,26,0.683,,
1999-00,NBA,Los Angeles Clippers,15,67,0.183,,
1999-00,NBA,Los Angeles Lakers*,67,15,0.817,,
1999-00,NBA,Miami Heat*,52,30,0.634,,
1999-00,NBA,Milwaukee Bucks*,42,40,0.512,,
1999-00,NBA,Minnesota Timberwolves*,50,32,0.61,,
1999-00,NBA,New Jersey Nets,31,51,0.378,,
1999-00,NBA,New York Knicks*,50,32,0.61,,
1999-00,NBA,Orlando Magic,41,41,0.5,,
1999-00,NBA,Philadelphia 76ers*,49,33,0.598,,
1999-00,NBA,Phoenix Suns*,53,29,0.646,,
1999-00,NBA,Portland Trail Blazers*,59,23,0.72,,
1999-00,NBA,Sacramento Kings*,44,38,0.537,,
1999-00,NBA,San Antonio Spurs*,53,29,0.646,,
1999-00,NBA,Seattle SuperSonics*,45,37,0.549,,
1999-00,NBA,Toronto Raptors*,45,37,0.549,,
1999-00,NBA,Utah Jazz*,55,27,0.671,,
1999-00,NBA,Vancouver Grizzlies,22,60,0.268,,
1999-00,NBA,Washington Wizards,29,53,0.354,,
2000-01,NBA,Atlanta Hawks,25,57,0.305,,
2000-01,NBA,Boston Celtics,36,46,0.439,,
2000-01,NBA,Charlotte Hornets*,46,36,0.561,,
2000-01,NBA,Chicago Bulls,15,67,0.183,,
2000-01,NBA,Cleveland Cavaliers,30,52,0.366,,
2000-01,NBA,Dallas Mavericks*,53,29,0.646,,
2000-01,NBA,Denver Nuggets,40,42,0.488,,
2000-01,NBA,Detroit Pistons,32,50,0.39,,
2000-01,NBA,Golden State Warriors,17,65,0.207,,
2000-01,NBA,Houston Rockets,45,37,0.549,,
2000-01,NBA,Indiana Pacers*,41,41,0.5,,
2000-01,NBA,Los Angeles Clippers,31,51,0.378,,
2000-01,NBA,Los Angeles Lakers*,56,26,0.683,,
2000-01,NBA,Miami Heat*,50,32,0.61,,
2000-01,NBA,Milwaukee Bucks*,52,30,0.634,,
2000-01,NBA,Minnesota Timberwolves*,47,35,0.573,,
2000-01,NBA,New Jersey Nets,26,56,0.317,,
2000-01,NBA,New York Knicks*,48,34,0.585,,
2000-01,NBA,Orlando Magic*,43,39,0.524,,
2000-01,NBA,Philadelphia 76ers*,56,26,0.683,,
2000-01,NBA,Phoenix Suns*,51,31,0.622,,
2000-01,NBA,Portland Trail Blazers*,50,32,0.61,,
2000-01,NBA,Sacramento Kings*,55,27,0.671,,
2000-01,NBA,San Antonio Spurs*,58,24,0.707,,
2000-01,NBA,Seattle SuperSonics,44,38,0.537,,
2000-01,NBA,Toronto Raptors*,47,35,0.573,,
2000-01,NBA,Utah Jazz*,53,29,0.646,,
2000-01,NBA,Vancouver Grizzlies,23,59,0.28,,
2000-01,NBA,Washington Wizards,19,63,0.232,,
2001-02,NBA,Atlanta Hawks,33,49,0.402,,
2001-02,NBA,Boston Celtics*,49,33,0.598,,
2001-02,NBA,Charlotte Hornets*,44,38,0.537,,
2001-02,NBA,Chicago Bulls,21,61,0.256,,
2001-02,NBA,Cleveland Cavaliers,29,53,0.354,,
2001-02,NBA,Dallas Mavericks*,57,25,0.695,,
2001-02,NBA,Denver Nuggets,27,55,0.329,,
2001-02,NBA,Detroit Pistons*,50,32,0.61,,
2001-02,NBA,Golden State Warriors,21,61,0.256,,
2001-02,NBA,Houston Rockets,28,54,0.341,,
2001-02,NBA,Indiana Pacers*,42,40,0.512,,
2001-02,NBA,Los Angeles Clippers,39,43,0.476,,
2001-02,NBA,Los Angeles Lakers*,58,24,0.707,,
2001-02,NBA,Memphis Grizzlies,23,59,0.28,,
2001-02,NBA,Miami Heat,36,46,0.439,,
2001-02,NBA,Milwaukee Bucks,41,41,0.5,,
2001-02,NBA,Minnesota Timberwolves*,50,32,0.61,,
2001-02,NBA,New Jersey Nets*,52,30,0.634,,
2001-02,NBA,New York Knicks,30,52,0.366,,
2001-02,NBA,Orlando Magic*,44,38,0.537,,
2001-02,NBA,Philadelphia 76ers*,43,39,0.524,,
2001-02,NBA,Phoenix Suns,36,46,0.439,,
2001-02,NBA,Portland Trail Blazers*,49,33,0.598,,
2001-02,NBA,Sacramento Kings*,61,21,0.744,,
2001-02,NBA,San Antonio Spurs*,58,24,0.707,,
2001-02,NBA,Seattle SuperSonics*,45,37,0.549,,
2001-02,NBA,Toronto Raptors*,42,40,0.512,,
2001-02,NBA,Utah Jazz*,44,38,0.537,,
2001-02,NBA,Washington Wizards,37,45,0.451,,
2002-03,NBA,Atlanta Hawks,35,47,0.427,,
2002-03,NBA,Boston Celtics*,44,38,0.537,,
2002-03,NBA,Chicago Bulls,30,52,0.366,,
2002-03,NBA,Cleveland Cavaliers,17,65,0.207,,
2002-03,NBA,Dallas Mavericks*,60,22,0.732,,
2002-03,NBA,Denver Nuggets,17,65,0.207,,
2002-03,NBA,Detroit Pistons*,50,32,0.61,,
2002-03,NBA,Golden State Warriors,38,44,0.463,,
2002-03,NBA,Houston Rockets,43,39,0.524,,
2002-03,NBA,Indiana Pacers*,48,34,0.585,,
2002-03,NBA,Los Angeles Clippers,27,55,0.329,,
2002-03,NBA,Los Angeles Lakers*,50,32,0.61,,
2002-03,NBA,Memphis Grizzlies,28,54,0.341,,
2002-03,NBA,Miami Heat,25,57,0.305,,
2002-03,NBA,Milwaukee Bucks*,42,40,0.512,,
2002-03,NBA,Minnesota Timberwolves*,51,31,0.622,,
2002-03,NBA,New Jersey Nets*,49,33,0.598,,
2002-03,NBA,New Orleans Hornets*,47,35,0.573,,
2002-03,NBA,New York Knicks,37,45,0.451,,
2002-03,NBA,Orlando Magic*,42,40,0.512,,
2002-03,NBA,Philadelphia 76ers*,48,34,0.585,,
2002-03,NBA,Phoenix Suns*,44,38,0.537,,
2002-03,NBA,Portland Trail Blazers*,50,32,0.61,,
2002-03,NBA,Sacramento Kings*,59,23,0.72,,
2002-03,NBA,San Antonio Spurs*,60,22,0.732,,
2002-03,NBA,Seattle SuperSonics,40,42,0.488,,
2002-03,NBA,Toronto Raptors,24,58,0.293,,
2002-03,NBA,Utah Jazz*,47,35,0.573,,
2002-03,NBA,Washington Wizards,37,45,0.451,,
2003-04,NBA,Atlanta Hawks,28,54,0.341,,
2003-04,NBA,Boston Celtics*,36,46,0.439,,
2003-04,NBA,Chicago Bulls,23,59,0.28,,
2003-04,NBA,Cleveland Cavaliers,35,47,0.427,,
2003-04,NBA,Dallas Mavericks*,52,30,0.634,,
2003-04,NBA,Denver Nuggets*,43,39,0.524,,
2003-04,NBA,Detroit Pistons*,54,28,0.659,,
2003-04,NBA,Golden State Warriors,37,45,0.451,,
2003-04,NBA,Houston Rockets*,45,37,0.549,,
2003-04,NBA,Indiana Pacers*,61,21,0.744,,
2003-04,NBA,Los Angeles Clippers,28,54,0.341,,
2003-04,NBA,Los Angeles Lakers*,56,26,0.683,,
2003-04,NBA,Memphis Grizzlies*,50,32,0.61,,
2003-04,NBA,Miami Heat*,42,40,0.512,,
2003-04,NBA,Milwaukee Bucks*,41,41,0.5,,
2003-04,NBA,Minnesota Timberwolves*,58,24,0.707,,
2003-04,NBA,New Jersey Nets*,47,35,0.573,,
2003-04,NBA,New Orleans Hornets*,41,41,0.5,,
2003-04,NBA,New York Knicks*,39,43,0.476,,
2003-04,NBA,Orlando Magic,21,61,0.256,,
2003-04,NBA,Philadelphia 76ers,33,49,0.402,,
2003-04,NBA,Phoenix Suns,29,53,0.354,,
2003-04,NBA,Portland Trail Blazers,41,41,0.5,,
2003-04,NBA,Sacramento Kings*,55,27,0.671,,
2003-04,NBA,San Antonio Spurs*,57,25,0.695,,
2003-04,NBA,Seattle SuperSonics,37,45,0.451,,
2003-04,NBA,Toronto Raptors,33,49,0.402,,
2003-04,NBA,Utah Jazz,42,40,0.512,,
2003-04,NBA,Washington Wizards,25,57,0.305,,
2004-05,NBA,Atlanta Hawks,13,69,0.159,,
2004-05,NBA,Boston Celtics*,45,37,0.549,,
2004-05,NBA,Charlotte Bobcats,18,64,0.22,,
2004-05,NBA,Chicago Bulls*,47,35,0.573,,
2004-05,NBA,Cleveland Cavaliers,42,40,0.512,,
2004-05,NBA,Dallas Mavericks*,58,24,0.707,,
2004-05,NBA,Denver Nuggets*,49,33,0.598,,
2004-05,NBA,Detroit Pistons*,54,28,0.659,,
2004-05,NBA,Golden State Warriors,34,48,0.415,,
2004-05,NBA,Houston Rockets*,51,31,0.622,,
2004-05,NBA,Indiana Pacers*,44,38,0.537,,
2004-05,NBA,Los Angeles Clippers,37,45,0.451,,
2004-05,NBA,Los Angeles Lakers,34,48,0.415,,
2004-05,NBA,Memphis Grizzlies*,45,37,0.549,,
2004-05,NBA,Miami Heat*,59,23,0.72,,
2004-05,NBA,Milwaukee Bucks,30,52,0.366,,
2004-05,NBA,Minnesota Timberwolves,44,38,0.537,,
2004-05,NBA,New Jersey Nets*,42,40,0.512,,
2004-05,NBA,New Orleans Hornets,18,64,0.22,,
2004-05,NBA,New York Knicks,33,49,0.402,,
2004-05,NBA,Orlando Magic,36,46,0.439,,
2004-05,NBA,Philadelphia 76ers*,43,39,0.524,,
2004-05,NBA,Phoenix Suns*,62,20,0.756,,
2004-05,NBA,Portland Trail Blazers,27,55,0.329,,
2004-05,NBA,Sacramento Kings*,50,32,0.61,,
2004-05,NBA,San Antonio Spurs*,59,23,0.72,,
2004-05,NBA,Seattle SuperSonics*,52,30,0.634,,
2004-05,NBA,Toronto Raptors,33,49,0.402,,
2004-05,NBA,Utah Jazz,26,56,0.317,,
2004-05,NBA,Washington Wizards*,45,37,0.549,,
2005-06,NBA,Atlanta Hawks,26,56,0.317,,
2005-06,NBA,Boston Celtics,33,49,0.402,,
2005-06,NBA,Charlotte Bobcats,26,56,0.317,,
2005-06,NBA,Chicago Bulls*,41,41,0.5,,
2005-06,NBA,Cleveland Cavaliers*,50,32,0.61,,
2005-06,NBA,Dallas Mavericks*,60,22,0.732,,
2005-06,NBA,Denver Nuggets*,44,38,0.537,,
2005-06,NBA,Detroit Pistons*,64,18,0.78,,
2005-06,NBA,Golden State Warriors,34,48,0.415,,
2005-06,NBA,Houston Rockets,34,48,0.415,,
2005-06,NBA,Indiana Pacers*,41,41,0.5,,
2005-06,NBA,Los Angeles Clippers*,47,35,0.573,,
2005-06,NBA,Los Angeles Lakers*,45,37,0.549,,
2005-06,NBA,Memphis Grizzlies*,49,33,0.598,,
2005-06,NBA,Miami Heat*,52,30,0.634,,
2005-06,NBA,Milwaukee Bucks*,40,42,0.488,,
2005-06,NBA,Minnesota Timberwolves,33,49,0.402,,
2005-06,NBA,New Jersey Nets*,49,33,0.598,,
2005-06,NBA,New Orleans/Oklahoma City Hornets,38,44,0.463,,
2005-06,NBA,New York Knicks,23,59,0.28,,
2005-06,NBA,Orlando Magic,36,46,0.439,,
2005-06,NBA,Philadelphia 76ers,38,44,0.463,,
2005-06,NBA,Phoenix Suns*,54,28,0.659,,
2005-06,NBA,Portland Trail Blazers,21,61,0.256,,
2005-06,NBA,Sacramento Kings*,44,38,0.537,,
2005-06,NBA,San Antonio Spurs*,63,19,0.768,,
2005-06,NBA,Seattle SuperSonics,35,47,0.427,,
2005-06,NBA,Toronto Raptors,27,55,0.329,,
2005-06,NBA,Utah Jazz,41,41,0.5,,
2005-06,NBA,Washington Wizards*,42,40,0.512,,
2006-07,NBA,Atlanta Hawks,30,52,0.366,,
2006-07,NBA,Boston Celtics,24,58,0.293,,
2006-07,NBA,Charlotte Bobcats,33,49,0.402,,
2006-07,NBA,Chicago Bulls*,49,33,0.598,,
2006-07,NBA,Cleveland Cavaliers*,50,32,0.61,,
2006-07,NBA,Dallas Mavericks*,67,15,0.817,,
2006-07,NBA,Denver Nuggets*,45,37,0.549,,
2006-07,NBA,Detroit Pistons*,53,29,0.646,,
2006-07,NBA,Golden State Warriors*,42,40,0.512,,
2006-07,NBA,Houston Rockets*,52,30,0.634,,
2006-07,NBA,Indiana Pacers,35,47,0.427,,
2006-07,NBA,Los Angeles Clippers,40,42,0.488,,
2006-07,NBA,Los Angeles Lakers*,42,40,0.512,,
2006-07,NBA,Memphis Grizzlies,22,60,0.268,,
2006-07,NBA,Miami Heat*,44,38,0.537,,
2006-07,NBA,Milwaukee Bucks,28,54,0.341,,
2006-07,NBA,Minnesota Timberwolves,32,50,0.39,,
2006-07,NBA,New Jersey Nets*,41,41,0.5,,
2006-07,NBA,New Orleans/Oklahoma City Hornets,39,43,0.476,,
2006-07,NBA,New York Knicks,33,49,0.402,,
2006-07,NBA,Orlando Magic*,40,42,0.488,,
2006-07,NBA,Philadelphia 76ers,35,47,0.427,,
2006-07,NBA,Phoenix Suns*,61,21,0.744,,
2006-07,NBA,Portland Trail Blazers,32,50,0.39,,
2006-07,NBA,Sacramento Kings,33,49,0.402,,
2006-07,NBA,San Antonio Spurs*,58,24,0.707,,
2006-07,NBA,Seattle SuperSonics,31,51,0.378,,
2006-07,NBA,Toronto Raptors*,47,35,0.573,,
2006-07,NBA,Utah Jazz*,51,31,0.622,,
2006-07,NBA,Washington Wizards*,41,41,0.5,,
2007-08,NBA,Atlanta Hawks*,37,45,0.451,,
2007-08,NBA,Boston Celtics*,66,16,0.805,,
2007-08,NBA,Charlotte Bobcats,32,50,0.39,,
2007-08,NBA,Chicago Bulls,33,49,0.402,,
2007-08,NBA,Cleveland Cavaliers*,45,37,0.549,,
2007-08,NBA,Dallas Mavericks*,51,31,0.622,,
2007-08,NBA,Denver Nuggets*,50,32,0.61,,
2007-08,NBA,Detroit Pistons*,59,23,0.72,,
2007-08,NBA,Golden State Warriors,48,34,0.585,,
2007-08,NBA,Houston Rockets*,55,27,0.671,,
2007-08,NBA,Indiana Pacers,36,46,0.439,,
2007-08,NBA,Los Angeles Clippers,23,59,0.28,,
2007-08,NBA,Los Angeles Lakers*,57,25,0.695,,
2007-08,NBA,Memphis Grizzlies,22,60,0.268,,
2007-08,NBA,Miami Heat,15,67,0.183,,
2007-08,NBA,Milwaukee Bucks,26,56,0.317,,
2007-08,NBA,Minnesota Timberwolves,22,60,0.268,,
2007-08,NBA,New Jersey Nets,34,48,0.415,,
2007-08,NBA,New Orleans Hornets*,56,26,0.683,,
2007-08,NBA,New York Knicks,23,59,0.28,,
2007-08,NBA,Orlando Magic*,52,30,0.634,,
2007-08,NBA,Philadelphia 76ers*,40,42,0.488,,
2007-08,NBA,Phoenix Suns*,55,27,0.671,,
2007-08,NBA,Portland Trail Blazers,41,41,0.5,,
2007-08,NBA,Sacramento Kings,38,44,0.463,,
2007-08,NBA,San Antonio Spurs*,56,26,0.683,,
2007-08,NBA,Seattle SuperSonics,20,62,0.244,,
2007-08,NBA,Toronto Raptors*,41,41,0.5,,
2007-08,NBA,Utah Jazz*,54,28,0.659,,
2007-08,NBA,Washington Wizards*,43,39,0.524,,
2008-09,NBA,Atlanta Hawks*,47,35,0.573,,
2008-09,NBA,Boston Celtics*,62,20,0.756,,
2008-09,NBA,Charlotte Bobcats,35,47,0.427,,
2008-09,NBA,Chicago Bulls*,41,41,0.5,,
2008-09,NBA,Cleveland Cavaliers*,66,16,0.805,,
2008-09,NBA,Dallas Mavericks*,50,32,0.61,,
2008-09,NBA,Denver Nuggets*,54,28,0.659,,
2008-09,NBA,Detroit Pistons*,39,43,0.476,,
2008-09,NBA,Golden State Warriors,29,53,0.354,,
2008-09,NBA,Houston Rockets*,53,29,0.646,,
2008-09,NBA,Indiana Pacers,36,46,0.439,,
2008-09,NBA,Los Angeles Clippers,19,63,0.232,,
2008-09,NBA,Los Angeles Lakers*,65,17,0.793,,
2008-09,NBA,Memphis Grizzlies,24,58,0.293,,
2008-09,NBA,Miami Heat*,43,39,0.524,,
2008-09,NBA,Milwaukee Bucks,34,48,0.415,,
2008-09,NBA,Minnesota Timberwolves,24,58,0.293,,
2008-09,NBA,New Jersey Nets,34,48,0.415,,
2008-09,NBA,New Orleans Hornets*,49,33,0.598,,
2008-09,NBA,New York Knicks,32,50,0.39,,
2008-09,NBA,Oklahoma City Thunder,23,59,0.28,,
2008-09,NBA,Orlando Magic*,59,23,0.72,,
2008-09,NBA,Philadelphia 76ers*,41,41,0.5,,
2008-09,NBA,Phoenix Suns,46,36,0.561,,
2008-09,NBA,Portland Trail Blazers*,54,28,0.659,,
2008-09,NBA,Sacramento Kings,17,65,0.207,,
2008-09,NBA,San Antonio Spurs*,54,28,0.659,,
2008-09,NBA,Toronto Raptors,33,49,0.402,,
2008-09,NBA,Utah Jazz*,48,34,0.585,,
2008-09,NBA,Washington Wizards,19,63,0.232,,
2009-10,NBA,Atlanta Hawks*,53,29,0.646,,
2009-10,NBA,Boston Celtics*,50,32,0.61,,
2009-10,NBA,Charlotte Bobcats*,44,38,0.537,,
2009-10,NBA,Chicago Bulls*,41,41,0.5,,
2009-10,NBA,Cleveland Cavaliers*,61,21,0.744,,
2009-10,NBA,Dallas Mavericks*,55,27,0.671,,
2009-10,NBA,Denver Nuggets*,53,29,0.646,,
2009-10,NBA,Detroit Pistons,27,55,0.329,,
2009-10,NBA,Golden State Warriors,26,56,0.317,,
2009-10,NBA,Houston Rockets,42,40,0.512,,
2009-10,NBA,Indiana Pacers,32,50,0.39,,
2009-10,NBA,Los Angeles Clippers,29,53,0.354,,
2009-10,NBA,Los Angeles Lakers*,57,25,0.695,,
2009-10,NBA,Memphis Grizzlies,40,42,0.488,,
2009-10,NBA,Miami Heat*,47,35,0.573,,
2009-10,NBA,Milwaukee Bucks*,46,36,0.561,,
2009-10,NBA,Minnesota Timberwolves,15,67,0.183,,
2009-10,NBA,New Jersey Nets,12,70,0.146,,
2009-10,NBA,New Orleans Hornets,37,45,0.451,,
2009-10,NBA,New York Knicks,29,53,0.354,,
2009-10,NBA,Oklahoma City Thunder*,50,32,0.61,,
2009-10,NBA,Orlando Magic*,59,23,0.72,,
2009-10,NBA,Philadelphia 76ers,27,55,0.329,,
2009-10,NBA,Phoenix Suns*,54,28,0.659,,
2009-10,NBA,Portland Trail Blazers*,50,32,0.61,,
2009-10,NBA,Sacramento Kings,25,57,0.305,,
2009-10,NBA,San Antonio Spurs*,50,32,0.61,,
2009-10,NBA,Toronto Raptors,40,42,0.488,,
2009-10,NBA,Utah Jazz*,53,29,0.646,,
2009-10,NBA,Washington Wizards,26,56,0.317,,
2010-11,NBA,Atlanta Hawks*,44,38,0.537,,
2010-11,NBA,Boston Celtics*,56,26,0.683,,
2010-11,NBA,Charlotte Bobcats,34,48,0.415,,
2010-11,NBA,Chicago Bulls*,62,20,0.756,,
2010-11,NBA,Cleveland Cavaliers,19,63,0.232,,
2010-11,NBA,Dallas Mavericks*,57,25,0.695,,
2010-11,NBA,Denver Nuggets*,50,32,0.61,,
2010-11,NBA,Detroit Pistons,30,52,0.366,,
2010-11,NBA,Golden State Warriors,36,46,0.439,,
2010-11,NBA,Houston Rockets,43,39,0.524,,
2010-11,NBA,Indiana Pacers*,37,45,0.451,,
2010-11,NBA,Los Angeles Clippers,32,50,0.39,,
2010-11,NBA,Los Angeles Lakers*,57,25,0.695,,
2010-11,NBA,Memphis Grizzlies*,46,36,0.561,,
2010-11,NBA,Miami Heat*,58,24,0.707,,
2010-11,NBA,Milwaukee Bucks,35,47,0.427,,
2010-11,NBA,Minnesota Timberwolves,17,65,0.207,,
2010-11,NBA,New Jersey Nets,24,58,0.293,,
2010-11,NBA,New Orleans Hornets*,46,36,0.561,,
2010-11,NBA,New York Knicks*,42,40,0.512,,
2010-11,NBA,Oklahoma City Thunder*,55,27,0.671,,
2010-11,NBA,Orlando Magic*,52,30,0.634,,
2010-11,NBA,Philadelphia 76ers*,41,41,0.5,,
2010-11,NBA,Phoenix Suns,40,42,0.488,,
2010-11,NBA,Portland Trail Blazers*,48,34,0.585,,
2010-11,NBA,Sacramento Kings,24,58,0.293,,
2010-11,NBA,San Antonio Spurs*,61,21,0.744,,
2010-11,NBA,Toronto Raptors,22,60,0.268,,
2010-11,NBA,Utah Jazz,39,43,0.476,,
2010-11,NBA,Washington Wizards,23,59,0.28,,
2011-12,NBA,Atlanta Hawks*,40,26,0.606,,
2011-12,NBA,Boston Celtics*,39,27,0.591,,
2011-12,NBA,Charlotte Bobcats,7,59,0.106,,
2011-12,NBA,Chicago Bulls*,50,16,0.758,,
2011-12,NBA,Cleveland Cavaliers,21,45,0.318,,
2011-12,NBA,Dallas Mavericks*,36,30,0.545,,
2011-12,NBA,Denver Nuggets*,38,28,0.576,,
2011-12,NBA,Detroit Pistons,25,41,0.379,,
2011-12,NBA,Golden State Warriors,23,43,0.348,,
2011-12,NBA,Houston Rockets,34,32,0.515,,
2011-12,NBA,Indiana Pacers*,42,24,0.636,,
2011-12,NBA,Los Angeles Clippers*,40,26,0.606,,
2011-12,NBA,Los Angeles Lakers*,41,25,0.621,,
2011-12,NBA,Memphis Grizzlies*,41,25,0.621,,
2011-12,NBA,Miami Heat*,46,20,0.697,,
2011-12,NBA,Milwaukee Bucks,31,35,0.47,,
2011-12,NBA,Minnesota Timberwolves,26,40,0.394,,
2011-12,NBA,New Jersey Nets,22,44,0.333,,
2011-12,NBA,New Orleans Hornets,21,45,0.318,,
2011-12,NBA,New York Knicks*,36,30,0.545,,
2011-12,NBA,Oklahoma City Thunder*,47,19,0.712,,
2011-12,NBA,Orlando Magic*,37,29,0.561,,
2011-12,NBA,Philadelphia 76ers*,35,31,0.53,,
2011-12,NBA,Phoenix Suns,33,33,0.5,,
2011-12,NBA,Portland Trail Blazers,28,38,0.424,,
2011-12,NBA,Sacramento Kings,22,44,0.333,,
2011-12,NBA,San Antonio Spurs*,50,16,0.758,,
2011-12,NBA,Toronto Raptors,23,43,0.348,,
2011-12,NBA,Utah Jazz*,36,30,0.545,,
2011-12,NBA,Washington Wizards,20,46,0.303,,
2012-13,NBA,Atlanta Hawks*,44,38,0.537,,
2012-13,NBA,Boston Celtics*,41,40,0.506,,
2012-13,NBA,Brooklyn Nets*,49,33,0.598,,
2012-13,NBA,Charlotte Bobcats,21,61,0.256,,
2012-13,NBA,Chicago Bulls*,45,37,0.549,,
2012-13,NBA,Cleveland Cavaliers,24,58,0.293,,
2012-13,NBA,Dallas Mavericks,41,41,0.5,,
2012-13,NBA,Denver Nuggets*,57,25,0.695,,
2012-13,NBA,Detroit Pistons,29,53,0.354,,
2012-13,NBA,Golden State Warriors*,47,35,0.573,,
2012-13,NBA,Houston Rockets*,45,37,0.549,,
2012-13,NBA,Indiana Pacers*,49,32,0.605,,
2012-13,NBA,Los Angeles Clippers*,56,26,0.683,,
2012-13,NBA,Los Angeles Lakers*,45,37,0.549,,
2012-13,NBA,Memphis Grizzlies*,56,26,0.683,,
2012-13,NBA,Miami Heat*,66,16,0.805,,
2012-13,NBA,Milwaukee Bucks*,38,44,0.463,,
2012-13,NBA,Minnesota Timberwolves,31,51,0.378,,
2012-13,NBA,New Orleans Hornets,27,55,0.329,,
2012-13,NBA,New York Knicks*,54,28,0.659,,
2012-13,NBA,Oklahoma City Thunder*,60,22,0.732,,
2012-13,NBA,Orlando Magic,20,62,0.244,,
2012-13,NBA,Philadelphia 76ers,34,48,0.415,,
2012-13,NBA,Phoenix Suns,25,57,0.305,,
2012-13,NBA,Portland Trail Blazers,33,49,0.402,,
2012-13,NBA,Sacramento Kings,28,54,0.341,,
2012-13,NBA,San Antonio Spurs*,58,24,0.707,,
2012-13,NBA,Toronto Raptors,34,48,0.415,,
2012-13,NBA,Utah Jazz,43,39,0.524,,
2012-13,NBA,Washington Wizards,29,53,0.354,,
2013-14,NBA,Atlanta Hawks*,38,44,0.463,,
2013-14,NBA,Boston Celtics,25,57,0.305,,
2013-14,NBA,Brooklyn Nets*,44,38,0.537,,
2013-14,NBA,Charlotte Bobcats*,43,39,0.524,,
2013-14,NBA,Chicago Bulls*,48,34,0.585,,
2013-14,NBA,Cleveland Cavaliers,33,49,0.402,,
2013-14,NBA,Dallas Mavericks*,49,33,0.598,,
2013-14,NBA,Denver Nuggets,36,46,0.439,,
2013-14,NBA,Detroit Pistons,29,53,0.354,,
2013-14,NBA,Golden State Warriors*,51,31,0.622,,
2013-14,NBA,Houston Rockets*,54,28,0.659,,
2013-14,NBA,Indiana Pacers*,56,26,0.683,,
2013-14,NBA,Los Angeles Clippers*,57,25,0.695,,
2013-14,NBA,Los Angeles Lakers,27,55,0.329,,
2013-14,NBA,Memphis Grizzlies*,50,32,0.61,,
2013-14,NBA,Miami Heat*,54,28,0.659,,
2013-14,NBA,Milwaukee Bucks,15,67,0.183,,
2013-14,NBA,Minnesota Timberwolves,40,42,0.488,,
2013-14,NBA,New Orleans Pelicans,34,48,0.415,,
2013-14,NBA,New York Knicks,37,45,0.451,,
2013-14,NBA,Oklahoma City Thunder*,59,23,0.72,,
2013-14,NBA,Orlando Magic,23,59,0.28,,
2013-14,NBA,Philadelphia 76ers,19,63,0.232,,
2013-14,NBA,Phoenix Suns,48,34,0.585,,
2013-14,NBA,Portland Trail Blazers*,54,28,0.659,,
2013-14,NBA,Sacramento Kings,28,54,0.341,,
2013-14,NBA,San Antonio Spurs*,62,20,0.756,,
2013-14,NBA,Toronto Raptors*,48,34,0.585,,
2013-14,NBA,Utah Jazz,25,57,0.305,,
2013-14,NBA,Washington Wizards*,44,38,0.537,,
2014-15,NBA,Atlanta Hawks*,60,22,0.732,,
2014-15,NBA,Boston Celtics*,40,42,0.488,,
2014-15,NBA,Brooklyn Nets*,38,44,0.463,,
2014-15,NBA,Charlotte Hornets,33,49,0.402,,
2014-15,NBA,Chicago Bulls*,50,32,0.61,,
2014-15,NBA,Cleveland Cavaliers*,53,29,0.646,,
2014-15,NBA,Dallas Mavericks*,50,32,0.61,,
2014-15,NBA,Denver Nuggets,30,52,0.366,,
2014-15,NBA,Detroit Pistons,32,50,0.39,,
2014-15,NBA,Golden State Warriors*,67,15,0.817,,
2014-15,NBA,Houston Rockets*,56,26,0.683,,
2014-15,NBA,Indiana Pacers,38,44,0.463,,
2014-15,NBA,Los Angeles Clippers*,56,26,0.683,,
2014-15,NBA,Los Angeles Lakers,21,61,0.256,,
2014-15,NBA,Memphis Grizzlies*,55,27,0.671,,
2014-15,NBA,Miami Heat,37,45,0.451,,
2014-15,NBA,Milwaukee Bucks*,41,41,0.5,,
2014-15,NBA,Minnesota Timberwolves,16,66,0.195,,
2014-15,NBA,New Orleans Pelicans*,45,37,0.549,,
2014-15,NBA,New York Knicks,17,65,0.207,,
2014-15,NBA,Oklahoma City Thunder,45,37,0.549,,
2014-15,NBA,Orlando Magic,25,57,0.305,,
2014-15,NBA,Philadelphia 76ers,18,64,0.22,,
2014-15,NBA,Phoenix Suns,39,43,0.476,,
2014-15,NBA,Portland Trail Blazers*,51,31,0.622,,
2014-15,NBA,Sacramento Kings,29,53,0.354,,
2014-15,NBA,San Antonio Spurs*,55,27,0.671,,
2014-15,NBA,Toronto Raptors*,49,33,0.598,,
2014-15,NBA,Utah Jazz,38,44,0.463,,
2014-15,NBA,Washington Wizards*,46,36,0.561,,
2015-16,NBA,Atlanta Hawks*,48,34,0.585,,
2015-16,NBA,Boston Celtics*,48,34,0.585,,
2015-16,NBA,Brooklyn Nets,21,61,0.256,,
2015-16,NBA,Charlotte Hornets*,48,34,0.585,,
2015-16,NBA,Chicago Bulls,42,40,0.512,,
2015-16,NBA,Cleveland Cavaliers*,57,25,0.695,,
2015-16,NBA,Dallas Mavericks*,42,40,0.512,,
2015-16,NBA,Denver Nuggets,33,49,0.402,,
2015-16,NBA,Detroit Pistons*,44,38,0.537,,
2015-16,NBA,Golden State Warriors*,73,9,0.89,,
2015-16,NBA,Houston Rockets*,41,41,0.5,,
2015-16,NBA,Indiana Pacers*,45,37,0.549,,
2015-16,NBA,Los Angeles Clippers*,53,29,0.646,,
2015-16,NBA,Los Angeles Lakers,17,65,0.207,,
2015-16,NBA,Memphis Grizzlies*,42,40,0.512,,
2015-16,NBA,Miami Heat*,48,34,0.585,,
2015-16,NBA,Milwaukee Bucks,33,49,0.402,,
2015-16,NBA,Minnesota Timberwolves,29,53,0.354,,
2015-16,NBA,New Orleans Pelicans,30,52,0.366,,
2015-16,NBA,New York Knicks,32,50,0.39,,
2015-16,NBA,Oklahoma City Thunder*,55,27,0.671,,
2015-16,NBA,Orlando Magic,35,47,0.427,,
2015-16,NBA,Philadelphia 76ers,10,72,0.122,,
2015-16,NBA,Phoenix Suns,23,59,0.28,,
2015-16,NBA,Portland Trail Blazers*,44,38,0.537,,
2015-16,NBA,Sacramento Kings,33,49,0.402,,
2015-16,NBA,San Antonio Spurs*,67,15,0.817,,
2015-16,NBA,Toronto Raptors*,56,26,0.683,,
2015-16,NBA,Utah Jazz,40,42,0.488,,
2015-16,NBA,Washington Wizards,41,41,0.5,,
2016-17,NBA,Atlanta Hawks*,43,39,0.524,,
2016-17,NBA,Boston Celtics*,53,29,0.646,,
2016-17,NBA,Brooklyn Nets,20,62,0.244,,
2016-17,NBA,Charlotte Hornets,36,46,0.439,,
2016-17,NBA,Chicago Bulls*,41,41,0.5,,
2016-17,NBA,Cleveland Cavaliers*,51,31,0.622,,
2016-17,NBA,Dallas Mavericks,33,49,0.402,,
2016-17,NBA,Denver Nuggets,40,42,0.488,,
2016-17,NBA,Detroit Pistons,37,45,0.451,,
2016-17,NBA,Golden State Warriors*,67,15,0.817,,
2016-17,NBA,Houston Rockets*,55,27,0.671,,
2016-17,NBA,Indiana Pacers*,42,40,0.512,,
2016-17,NBA,Los Angeles Clippers*,51,31,0.622,,
2016-17,NBA,Los Angeles Lakers,26,56,0.317,,
2016-17,NBA,Memphis Grizzlies*,43,39,0.524,,
2016-17,NBA,Miami Heat,41,41,0.5,,
2016-17,NBA,Milwaukee Bucks*,42,40,0.512,,
2016-17,NBA,Minnesota Timberwolves,31,51,0.378,,
2016-17,NBA,New Orleans Pelicans,34,48,0.415,,
2016-17,NBA,New York Knicks,31,51,0.378,,
2016-17,NBA,Oklahoma City Thunder*,47,35,0.573,,
2016-17,NBA,Orlando Magic,29,53,0.354,,
2016-17,NBA,Philadelphia 76ers,28,54,0.341,,
2016-17,NBA,Phoenix Suns,24,58,0.293,,
2016-17,NBA,Portland Trail Blazers*,41,41,0.5,,
2016-17,NBA,Sacramento Kings,32,50,0.39,,
2016-17,NBA,San Antonio Spurs*,61,21,0.744,,
2016-17,NBA,Toronto Raptors*,51,31,0.622,,
2016-17,NBA,Utah Jazz*,51,31,0.622,,
2016-17,NBA,Washington Wizards*,49,33,0.598,,
2017-18,NBA,Atlanta Hawks,9,26,0.257,,
2017-18,NBA,Boston Celtics,29,10,0.744,,
2017-18,NBA,Brooklyn Nets,13,22,0.371,,
2017-18,NBA,Charlotte Hornets,13,22,0.371,,
2017-18,NBA,Chicago Bulls,13,22,0.371,,
2017-18,NBA,Cleveland Cavaliers,24,11,0.686,,
2017-18,NBA,Dallas Mavericks,12,25,0.324,,
2017-18,NBA,Denver Nuggets,19,16,0.543,,
2017-18,NBA,Detroit Pistons,19,15,0.559,,
2017-18,NBA,Golden State Warriors,28,8,0.778,,
2017-18,NBA,Houston Rockets,25,9,0.735,,
2017-18,NBA,Indiana Pacers,19,17,0.528,,
2017-18,NBA,Los Angeles Clippers,15,19,0.441,,
2017-18,NBA,Los Angeles Lakers,11,23,0.324,,
2017-18,NBA,Memphis Grizzlies,11,24,0.314,,
2017-18,NBA,Miami Heat,18,17,0.514,,
2017-18,NBA,Milwaukee Bucks,19,15,0.559,,
2017-18,NBA,Minnesota Timberwolves,22,14,0.611,,
2017-18,NBA,New Orleans Pelicans,18,17,0.514,,
2017-18,NBA,New York Knicks,17,18,0.486,,
2017-18,NBA,Oklahoma City Thunder,20,16,0.556,,
2017-18,NBA,Orlando Magic,12,24,0.333,,
2017-18,NBA,Philadelphia 76ers,15,19,0.441,,
2017-18,NBA,Phoenix Suns,14,23,0.378,,
2017-18,NBA,Portland Trail Blazers,18,16,0.529,,
2017-18,NBA,Sacramento Kings,12,23,0.343,,
2017-18,NBA,San Antonio Spurs,25,11,0.694,,
2017-18,NBA,Toronto Raptors,24,10,0.706,,
2017-18,NBA,Utah Jazz,15,21,0.417,,
2017-18,NBA,Washington Wizards,20,16,0.556,,
